{
    "namespace": "CodaFlavors",
    "displayName": "Coda Flavors",
    "version": "1.5.21",
    "synchronyVersion": "3.6.1",
    "description": "A whole new world of Coda with a hint of Aria and Bolt. Adds 45 new Characters with wacky gameplay twists and challenges. In collaboration with Sebseb2222#6463. Banner by Ataraxia#7714.",
    "author": "Warze",
    "dependencies": {},
    "api": {
        "scriptPath": ""
    },
    "icon": "logo/CodaFlavorsIconFullResWhite.png",
    "banner": "logo/CodaFlavorsBanner.png",
    "tags": [],
    "name": "CodaFlavors_io_2919934",
    "changelog": "",
    "homepageURL": "https://mod.io/g/crypt/m/codaflavors",
    "modioID": "2919934",
    "modioUserID": 13555818,
    "pendingVersion": "1.5.21",
    "visibility": 0
}